titulo,fecha,hora,resumen,contenido,categoria,autor,tags,url,fecha_extraccion,imagenes,fuente,created_at,caracteres_contenido,palabras_contenido
Estudiantes del Colegio Fe y Ciencia Protestan por Instalación de Reductores de Velocidad,,,"Impresionante escenificación de la salida de Manco Cápac y Mama Ocllo en Puno			




			5 noviembre, 2024","Impresionante escenificación de la salida de Manco Cápac y Mama Ocllo en Puno			




			5 noviembre, 2024",,,,https://punonoticias.pe/protesta-colegio-fe-y-ciencia-reductores-de-velocidad/,2025-09-14 14:46:58,"https://punonoticias.pe/wp-content/uploads/2024/11/Escenificacion-Puno-300x161.jpg, https://punonoticias.pe/wp-content/uploads/2024/10/464316832_1060245155896543_5790530970068114772_n-300x168.jpg",Puno Noticias,2025-09-14 14:46:58,105,16
Paro indefinido: transportistas convocan a paralización nacional tras fracaso de diálogo con el Congreso,,,"Intervienen a pasajero con 6 kilos de cocaína en Cabanillas			




			5 noviembre, 2024","Intervienen a pasajero con 6 kilos de cocaína en Cabanillas			




			5 noviembre, 2024",,,,https://punonoticias.pe/paro-indefinido-transportistas-convocan-paralizacion-nacional/,2025-09-14 14:46:59,"https://punonoticias.pe/wp-content/uploads/2024/11/465662378_1069386184982440_1215384683518247305_n-300x225.jpg, https://punonoticias.pe/wp-content/uploads/2024/10/paro-300x175.jpg",Puno Noticias,2025-09-14 14:46:59,87,13
Portada - Puno Noticias,,,"Puno



				Suspenden atención en diversas áreas del Hospital Carlos Monge Medrano debido a la falta de agua potable			




			8 julio, 2025","Puno



				Suspenden atención en diversas áreas del Hospital Carlos Monge Medrano debido a la falta de agua potable			




			8 julio, 2025",,,,https://punonoticias.pe/page/6/,2025-09-14 14:47:01,"https://punonoticias.pe/wp-content/uploads/2025/07/518182513_1249119103675813_5791256136853123699_n-768x430.jpg, https://punonoticias.pe/wp-content/uploads/2025/07/Hospital-Carlos-Monge-Medrano-Juliaca-768x435.jpg",Puno Noticias,2025-09-14 14:47:01,140,21
Suspenden atención en diversas áreas del Hospital Carlos Monge Medrano debido a la falta de agua potable,,,"Cambio sorprendente: Coronel Harvey Colchado asume la custodia de un puente en medio de crisis			




			11 octubre, 2024","Cambio sorprendente: Coronel Harvey Colchado asume la custodia de un puente en medio de crisis			




			11 octubre, 2024",,,,https://punonoticias.pe/suspenden-atencion-hospital-carlos-monge-juliaca/,2025-09-14 14:47:03,"https://punonoticias.pe/wp-content/uploads/2024/10/colchado-300x170.jpg, https://punonoticias.pe/wp-content/uploads/2024/11/297772607_10159406466707832_5586128764356078388_n-300x183.jpg",Puno Noticias,2025-09-14 14:47:03,121,18
Evo Morales es citado a declarar por presunto caso de “trata de menores” y “estupro”,,,"Goleadores de COPA PERÚ: Uscamayta se destaca en la cima			




			24 octubre, 2024","Goleadores de COPA PERÚ: Uscamayta se destaca en la cima			




			24 octubre, 2024",,,,https://punonoticias.pe/evo-morales-trata-menores-declaracion/,2025-09-14 14:47:05,"https://punonoticias.pe/wp-content/uploads/2024/10/464330478_927407952767196_8520293722278963400_n-300x300.jpg, https://punonoticias.pe/wp-content/uploads/2024/11/297772607_10159406466707832_5586128764356078388_n-300x183.jpg",Puno Noticias,2025-09-14 14:47:05,83,13
Minsa Supervisa Establecimientos de Salud en Yunguyo para Mejorar Atención Médica,,,"Siete delincuentes fuertemente armados asaltan vivienda en el sector de la salida a Arequipa			




			8 julio, 2025","Siete delincuentes fuertemente armados asaltan vivienda en el sector de la salida a Arequipa			




			8 julio, 2025",,,,https://punonoticias.pe/minsa-supervisa-servicios-salud-yunguyo/,2025-09-14 14:47:07,"https://punonoticias.pe/wp-content/uploads/2025/07/517148797_1249118717009185_9062804291100011760_n-300x168.jpg, https://punonoticias.pe/wp-content/uploads/2024/11/465713858_1069387024982356_1263863631776830126_n-1-300x183.jpg",Puno Noticias,2025-09-14 14:47:07,116,17
Maduro pide a los “milicianos” indígenas estar “bien armados” para defender “la paz”,,,"Hallan camioneta desmantelada tras ser reportada como robada en Puno			




			5 noviembre, 2024","Hallan camioneta desmantelada tras ser reportada como robada en Puno			




			5 noviembre, 2024",,,,https://punonoticias.pe/maduro-milicianos-indigenas-armados/,2025-09-14 14:47:08,"https://punonoticias.pe/wp-content/uploads/2024/11/Encuentran-camioneta-que-fue-reportada-como-robada-en-Puno-300x171.jpg, https://punonoticias.pe/wp-content/uploads/2022/02/pexels-ari-roberts-9637587-300x200.jpg",Puno Noticias,2025-09-14 14:47:08,96,13
UGEL San Román organiza el “Concurso Digital 2024” para fomentar el uso de herramientas tecnológicas en escolares,,,"Accidente en vía Phara – Aporoma deja varios heridos tras caída de camioneta a un abismo			




			7 julio, 2025","Accidente en vía Phara – Aporoma deja varios heridos tras caída de camioneta a un abismo			




			7 julio, 2025",,,,https://punonoticias.pe/ugel-san-roman-concurso-digital-2024/,2025-09-14 14:47:10,"https://punonoticias.pe/wp-content/uploads/2025/07/517161297_1248692970385093_4225458767107482948_n-300x169.jpg, https://punonoticias.pe/wp-content/uploads/2024/10/feriados-300x169.jpg",Puno Noticias,2025-09-14 14:47:10,112,19
Dos muertes maternas en partos domiciliarios en Puno esta semana generan alerta en la región,,,"Desfile cívico-militar celebra el 98° aniversario de la Provincia de San Román en Juliaca			




			23 octubre, 2024","Desfile cívico-militar celebra el 98° aniversario de la Provincia de San Román en Juliaca			




			23 octubre, 2024",,,,https://punonoticias.pe/muertes-maternas-partos-domiciliarios-puno/,2025-09-14 14:47:12,"https://punonoticias.pe/wp-content/uploads/2024/10/464411561_1060216609232731_2387538404152953611_n-300x200.jpg, https://punonoticias.pe/wp-content/uploads/2024/08/457313944_902966598539324_3958387796226303952_n-300x200.jpg",Puno Noticias,2025-09-14 14:47:12,116,17
Portada - Puno Noticias,,,"Puno



				Suspenden atención en diversas áreas del Hospital Carlos Monge Medrano debido a la falta de agua potable			




			8 julio, 2025","Puno



				Suspenden atención en diversas áreas del Hospital Carlos Monge Medrano debido a la falta de agua potable			




			8 julio, 2025",,,,https://punonoticias.pe/page/7/,2025-09-14 14:47:14,"https://punonoticias.pe/wp-content/uploads/2025/07/518182513_1249119103675813_5791256136853123699_n-768x430.jpg, https://punonoticias.pe/wp-content/uploads/2025/07/Hospital-Carlos-Monge-Medrano-Juliaca-768x435.jpg",Puno Noticias,2025-09-14 14:47:14,140,21
Habitantes de Hiroshima ven un recordatorio importante en el Nobel de la Paz,,,"Alianza Lima anuncia la salida de Gonzalo Aguirre a días del final del Torneo Apertura 2025			




			8 julio, 2025","Alianza Lima anuncia la salida de Gonzalo Aguirre a días del final del Torneo Apertura 2025			




			8 julio, 2025",,,,https://punonoticias.pe/habitantes-de-hiroshima-ven-un-recordatorio-importante-en-el-nobel-de-la-paz/,2025-09-14 14:47:15,"https://punonoticias.pe/wp-content/uploads/2025/07/Alianza-Lima-240x300.jpeg, https://punonoticias.pe/wp-content/uploads/2024/10/nicolas-maduro-300x200.jpg",Puno Noticias,2025-09-14 14:47:15,115,19
Favorite fashion bloggers’ Podcasts in 2022,,,"Alianza Lima anuncia la salida de Gonzalo Aguirre a días del final del Torneo Apertura 2025			




			8 julio, 2025","Alianza Lima anuncia la salida de Gonzalo Aguirre a días del final del Torneo Apertura 2025			




			8 julio, 2025",,,,https://punonoticias.pe/favorite-fashion-bloggers-podcasts-in-2022/,2025-09-14 14:47:17,"https://punonoticias.pe/wp-content/uploads/2025/07/Alianza-Lima-240x300.jpeg, https://punonoticias.pe/wp-content/uploads/2024/10/cascos-azules-300x171.jpg",Puno Noticias,2025-09-14 14:47:17,115,19
Accidente en vía Phara – Aporoma deja varios heridos tras caída de camioneta a un abismo,,,"Internos del penal de Juliaca elaboran más de 60 mil coronas para la feria “Cárceles Productivas”			




			23 octubre, 2024","Internos del penal de Juliaca elaboran más de 60 mil coronas para la feria “Cárceles Productivas”			




			23 octubre, 2024",,,,https://punonoticias.pe/accidente-phara-aporoma-heridos-sandia/,2025-09-14 14:47:19,"https://punonoticias.pe/wp-content/uploads/2024/10/464389347_1060217822565943_8832570889195979962_n-300x226.jpg, https://punonoticias.pe/wp-content/uploads/2022/02/luisana-galicia-lR2a23wy3PA-unsplash-300x200.jpg",Puno Noticias,2025-09-14 14:47:19,124,19
Goleadores de COPA PERÚ: Uscamayta se destaca en la cima,,,"Congreso promulga Nuevo Código Procesal Constitucional con cambios en el Tribunal Constitucional			




			5 noviembre, 2024","Congreso promulga Nuevo Código Procesal Constitucional con cambios en el Tribunal Constitucional			




			5 noviembre, 2024",,,,https://punonoticias.pe/copaperu-goleadores-uscamayta/,2025-09-14 14:47:21,"https://punonoticias.pe/wp-content/uploads/2024/11/460137676_991848819648871_6225203245522019468_n-300x200.jpg, https://punonoticias.pe/wp-content/uploads/2024/10/mininter-300x201.jpg",Puno Noticias,2025-09-14 14:47:21,124,15
Denuncian presunto caso de feminicidio en Juliaca tras la muerte de Jessica Merma Ventura,,,"Rafael Nadal anuncia su retiro del tenis profesional a los 38 años: “Mil gracias a todos”			




			11 octubre, 2024","Rafael Nadal anuncia su retiro del tenis profesional a los 38 años: “Mil gracias a todos”			




			11 octubre, 2024",,,,https://punonoticias.pe/denuncian-presunto-feminicidio-juliaca-jessica-merma/,2025-09-14 14:47:22,"https://punonoticias.pe/wp-content/uploads/2024/10/272205853_486512026170261_5571336276157265636_n-300x200.jpg, https://punonoticias.pe/wp-content/uploads/2024/10/gareca-01-300x170.jpg",Puno Noticias,2025-09-14 14:47:22,116,19
Roban moto lineal frente a Caja Huancayo en barrio San José de Juliaca,,,"Directiva ralentiza ejecución presupuestal en el Gobierno Regional de Puno			




			5 noviembre, 2024","Directiva ralentiza ejecución presupuestal en el Gobierno Regional de Puno			




			5 noviembre, 2024",,,,https://punonoticias.pe/robo-moto-lineal-caja-huancayo-san-jose-puno/,2025-09-14 14:47:24,"https://punonoticias.pe/wp-content/uploads/2024/11/465763452_1069383304982728_1119216241365345330_n-300x177.jpg, https://punonoticias.pe/wp-content/uploads/2025/07/moto-300x174.jpg",Puno Noticias,2025-09-14 14:47:24,102,13
Hallan feto en servicios higiénicos del terminal zonal Las Mercedes en Juliaca,,,"Alemania sigue como líder en la Liga de las Naciones tras su victoria y empate de Países Bajos			




			11 octubre, 2024","Alemania sigue como líder en la Liga de las Naciones tras su victoria y empate de Países Bajos			




			11 octubre, 2024",,,,https://punonoticias.pe/hallazgo-feto-terminal-las-mercedes-juliaca/,2025-09-14 14:47:26,"https://punonoticias.pe/wp-content/uploads/2024/10/alemania-300x201.jpg, https://punonoticias.pe/wp-content/uploads/2024/10/464242878_1060235715897487_1366997361041730606_n-300x169.jpg",Puno Noticias,2025-09-14 14:47:26,121,21
Alcalde de San Román exige renovar licenciamiento de la UANCV con nuevos actores para cautelar bienes municipales,,,"Municipio de San Román clausura cantinas ilegales y licorería cerca del hospital Carlos Monge Medrano			




			28 agosto, 2024","Municipio de San Román clausura cantinas ilegales y licorería cerca del hospital Carlos Monge Medrano			




			28 agosto, 2024",,,,https://punonoticias.pe/alcalde-san-roman-renovacion-licenciamiento-uancv-bienes-municipales/,2025-09-14 14:47:28,"https://punonoticias.pe/wp-content/uploads/2024/08/457100594_903016271867690_6033807876687042105_n-300x200.jpg, https://punonoticias.pe/wp-content/uploads/2024/10/cascos-azules-300x171.jpg",Puno Noticias,2025-09-14 14:47:28,127,18
Perú vs. Uruguay: Alineaciones confirmadas para el duelo clave de las Eliminatorias 2026,,,"Internos del penal de Juliaca elaboran más de 60 mil coronas para la feria “Cárceles Productivas”			




			23 octubre, 2024","Internos del penal de Juliaca elaboran más de 60 mil coronas para la feria “Cárceles Productivas”			




			23 octubre, 2024",,,,https://punonoticias.pe/alineacion-peru-vs-uruguay-eliminatorias-2026/,2025-09-14 14:47:29,"https://punonoticias.pe/wp-content/uploads/2024/10/464389347_1060217822565943_8832570889195979962_n-300x226.jpg, https://punonoticias.pe/wp-content/uploads/2024/11/465763452_1069383304982728_1119216241365345330_n-300x177.jpg",Puno Noticias,2025-09-14 14:47:29,124,19
Petro ordena bombardeos contra disidentes de las FARC tras ataque con drones,,,"Asociación de Víctimas Solicita Exclusión de PNP y FFAA de la Festividad de la Virgen de la Candelaria 2024 en Puno			




			26 enero, 2024","Asociación de Víctimas Solicita Exclusión de PNP y FFAA de la Festividad de la Virgen de la Candelaria 2024 en Puno			




			26 enero, 2024",,,,https://punonoticias.pe/petro-bombardeos-disidencias-farc/,2025-09-14 14:47:31,"https://punonoticias.pe/wp-content/uploads/2024/01/421588385_887836203137440_4813217886945642767_n-300x165.jpg, https://punonoticias.pe/wp-content/uploads/2024/11/465662378_1069386184982440_1215384683518247305_n-300x225.jpg",Puno Noticias,2025-09-14 14:47:31,140,24
Madre de familia pide ayuda urgente para enfrentar extraña enfermedad,,,"Favorite fashion bloggers’ Podcasts in 2022			




			10 marzo, 2022","Favorite fashion bloggers’ Podcasts in 2022			




			10 marzo, 2022",,,,https://punonoticias.pe/madre-pide-ayuda-enfermedad-santa-catalina/,2025-09-14 14:47:33,"https://punonoticias.pe/wp-content/uploads/2022/02/eric-fung-Z0GZrpwcc5Y-unsplash-1-300x200.jpg, https://punonoticias.pe/wp-content/uploads/2024/10/464411561_1060216609232731_2387538404152953611_n-300x200.jpg",Puno Noticias,2025-09-14 14:47:33,68,9
"Baja cobertura en vacunación infantil contra el sarampión en San Román, Juliaca",,,"Caso Interoceánica Sur: Fiscal José Domingo Pérez estima que sentencia contra Alejandro Toledo se conocerá en dos semanas			




			11 octubre, 2024","Caso Interoceánica Sur: Fiscal José Domingo Pérez estima que sentencia contra Alejandro Toledo se conocerá en dos semanas			




			11 octubre, 2024",,,,https://punonoticias.pe/baja-cobertura-vacunacion-sarampion-san-roman-juliaca/,2025-09-14 14:47:35,"https://punonoticias.pe/wp-content/uploads/2024/10/toledo-300x189.jpg, https://punonoticias.pe/wp-content/uploads/2024/06/448068807_971657711421955_3571629625454854637_n-300x169.jpg",Puno Noticias,2025-09-14 14:47:35,148,21
Municipalidad de Puno avanza en la organización de la Feria Internacional del Libro para noviembre,,,"Dina Boluarte anuncia medidas contra extorsionadores y refuerza la seguridad en Perú			




			5 noviembre, 2024","Dina Boluarte anuncia medidas contra extorsionadores y refuerza la seguridad en Perú			




			5 noviembre, 2024",,,,https://punonoticias.pe/feria-internacional-libro-puno-noviembre-2024/,2025-09-14 14:47:36,"https://punonoticias.pe/wp-content/uploads/2024/11/465768280_18469368790053488_6711065373174417287_n-300x200.jpg, https://punonoticias.pe/wp-content/uploads/2024/08/457100594_903016271867690_6033807876687042105_n-300x200.jpg",Puno Noticias,2025-09-14 14:47:36,112,15
Campaña de sensibilización ambiental en Puno busca proteger la Bahía y el Lago Titicaca en escuelas,,,"Muro de adobe aplasta a madre de familia en Huancané mientras vendía carne			




			12 mayo, 2025","Muro de adobe aplasta a madre de familia en Huancané mientras vendía carne			




			12 mayo, 2025",,,,https://punonoticias.pe/campana-sensibilizacion-ambiental-puno-lago-titicaca/,2025-09-14 14:47:38,"https://punonoticias.pe/wp-content/uploads/2025/05/Muro-de-adobe-en-Huancane-300x225.jpg, https://punonoticias.pe/wp-content/uploads/2024/08/457100594_903016271867690_6033807876687042105_n-300x200.jpg",Puno Noticias,2025-09-14 14:47:38,98,16
Allegados del alcalde de Caracoto agreden a periodistas para evitar declaraciones sobre conflicto de terrenos,,,"Intervienen a pasajero con 6 kilos de cocaína en Cabanillas			




			5 noviembre, 2024","Intervienen a pasajero con 6 kilos de cocaína en Cabanillas			




			5 noviembre, 2024",,,,https://punonoticias.pe/agresion-prensa-alcalde-caracoto/,2025-09-14 14:47:40,"https://punonoticias.pe/wp-content/uploads/2024/11/465662378_1069386184982440_1215384683518247305_n-300x225.jpg, https://punonoticias.pe/wp-content/uploads/2024/10/mininter-300x201.jpg",Puno Noticias,2025-09-14 14:47:40,87,13
Municipio de San Román clausura cantinas ilegales y licorería cerca del hospital Carlos Monge Medrano,,,"Desfile cívico-militar celebra el 98° aniversario de la Provincia de San Román en Juliaca			




			23 octubre, 2024","Desfile cívico-militar celebra el 98° aniversario de la Provincia de San Román en Juliaca			




			23 octubre, 2024",,,,https://punonoticias.pe/municipio-san-roman-clausura-cantinas-licoreria-hospital/,2025-09-14 14:47:42,"https://punonoticias.pe/wp-content/uploads/2024/10/464411561_1060216609232731_2387538404152953611_n-300x200.jpg, https://punonoticias.pe/wp-content/uploads/2024/10/evo-300x201.jpg",Puno Noticias,2025-09-14 14:47:42,116,17
Portada - Puno Noticias,,,"Puno



				Suspenden atención en diversas áreas del Hospital Carlos Monge Medrano debido a la falta de agua potable			




			8 julio, 2025","Puno



				Suspenden atención en diversas áreas del Hospital Carlos Monge Medrano debido a la falta de agua potable			




			8 julio, 2025",,,,https://punonoticias.pe/page/2/,2025-09-14 14:47:43,"https://punonoticias.pe/wp-content/uploads/2025/07/518182513_1249119103675813_5791256136853123699_n-768x430.jpg, https://punonoticias.pe/wp-content/uploads/2025/07/Hospital-Carlos-Monge-Medrano-Juliaca-768x435.jpg",Puno Noticias,2025-09-14 14:47:43,140,21
Siete delincuentes fuertemente armados asaltan vivienda en el sector de la salida a Arequipa,,,"know your Worst Enemies: Fake Jewelry sellers			




			10 marzo, 2022","know your Worst Enemies: Fake Jewelry sellers			




			10 marzo, 2022",,,,https://punonoticias.pe/asalto-vivienda-juliaca-puno/,2025-09-14 14:47:45,"https://punonoticias.pe/wp-content/uploads/2022/02/pexels-ari-roberts-9637587-300x200.jpg, https://punonoticias.pe/wp-content/uploads/2024/11/297772607_10159406466707832_5586128764356078388_n-300x183.jpg",Puno Noticias,2025-09-14 14:47:45,70,10
Portada - Puno Noticias,,,"Puno



				Suspenden atención en diversas áreas del Hospital Carlos Monge Medrano debido a la falta de agua potable			




			8 julio, 2025","Puno



				Suspenden atención en diversas áreas del Hospital Carlos Monge Medrano debido a la falta de agua potable			




			8 julio, 2025",,,,https://punonoticias.pe/page/3/,2025-09-14 14:47:47,"https://punonoticias.pe/wp-content/uploads/2025/07/518182513_1249119103675813_5791256136853123699_n-768x430.jpg, https://punonoticias.pe/wp-content/uploads/2025/07/Hospital-Carlos-Monge-Medrano-Juliaca-768x435.jpg",Puno Noticias,2025-09-14 14:47:47,140,21
Dina Boluarte anuncia medidas contra extorsionadores y refuerza la seguridad en Perú,,,"Petro ordena bombardeos contra disidentes de las FARC tras ataque con drones			




			12 octubre, 2024","Petro ordena bombardeos contra disidentes de las FARC tras ataque con drones			




			12 octubre, 2024",,,,https://punonoticias.pe/dina-boluarte-congelamiento-cuentas-extorsionadores/,2025-09-14 14:47:49,"https://punonoticias.pe/wp-content/uploads/2024/10/gustavo-petro-300x200.jpg, https://punonoticias.pe/wp-content/uploads/2024/10/cascos-azules-300x171.jpg",Puno Noticias,2025-09-14 14:47:49,103,15
know your Worst Enemies: Fake Jewelry sellers,,,"Azángaro: Dictan 09 meses de prisión preventiva en contra sujeto acusado de abusar sexualmente a una menor de edad			




			23 octubre, 2024","Azángaro: Dictan 09 meses de prisión preventiva en contra sujeto acusado de abusar sexualmente a una menor de edad			




			23 octubre, 2024",,,,https://punonoticias.pe/know-your-worst-enemies-fake-jewelry-sellers/,2025-09-14 14:47:51,"https://punonoticias.pe/wp-content/uploads/2024/10/464495619_1060248745896184_7536508636299143161_n-1-300x171.jpg, https://punonoticias.pe/wp-content/uploads/2022/02/luisana-galicia-lR2a23wy3PA-unsplash-300x200.jpg",Puno Noticias,2025-09-14 14:47:51,141,22
Hallan camioneta desmantelada tras ser reportada como robada en Puno,,,"Campaña de sensibilización ambiental en Puno busca proteger la Bahía y el Lago Titicaca en escuelas			




			28 agosto, 2024","Campaña de sensibilización ambiental en Puno busca proteger la Bahía y el Lago Titicaca en escuelas			




			28 agosto, 2024",,,,https://punonoticias.pe/hallan-camioneta-desmantelada-puno-juliaca/,2025-09-14 14:47:52,"https://punonoticias.pe/wp-content/uploads/2024/08/457386099_834061258878885_2313299313431298920_n-300x200.jpg, https://punonoticias.pe/wp-content/uploads/2024/10/gustavo-petro-300x200.jpg",Puno Noticias,2025-09-14 14:47:52,125,19
Masterpiece Collection unveiled in Europe,,,"Gobernador de Puno solicita estado de emergencia por violencia en La Rinconada y Lunar de Oro			




			8 julio, 2025","Gobernador de Puno solicita estado de emergencia por violencia en La Rinconada y Lunar de Oro			




			8 julio, 2025",,,,https://punonoticias.pe/masterpiece-collection-unveiled-in-europe/,2025-09-14 14:47:54,"https://punonoticias.pe/wp-content/uploads/2025/07/517238869_1168982385257869_8893286477490996566_n-300x200.jpg, https://punonoticias.pe/wp-content/uploads/2022/02/jess-harper-sunday-bLkj9eNhW90-unsplash-300x200.jpg",Puno Noticias,2025-09-14 14:47:54,117,19
FBC Melgar refuerza su plantilla y proyecta cambios para la temporada 2025,,,"Madre de familia pide ayuda urgente para enfrentar extraña enfermedad			




			23 octubre, 2024","Madre de familia pide ayuda urgente para enfrentar extraña enfermedad			




			23 octubre, 2024",,,,https://punonoticias.pe/fbc-melgar-refuerzos-temporada-2025/,2025-09-14 14:47:56,"https://punonoticias.pe/wp-content/uploads/2024/10/464328238_1060217585899300_864334323803023676_n-300x226.jpg, https://punonoticias.pe/wp-content/uploads/2025/07/517161297_1248692970385093_4225458767107482948_n-300x169.jpg",Puno Noticias,2025-09-14 14:47:56,96,13
Azángaro: Dictan 09 meses de prisión preventiva en contra sujeto acusado de abusar sexualmente a una menor de edad,,,"Personal del Centro de Salud Cono Sur en Juliaca rechaza cambio de director			




			5 noviembre, 2024","Personal del Centro de Salud Cono Sur en Juliaca rechaza cambio de director			




			5 noviembre, 2024",,,,https://punonoticias.pe/azangaro-violacion-menor-prision-preventiva/,2025-09-14 14:47:58,"https://punonoticias.pe/wp-content/uploads/2024/11/465926926_1069381731649552_8812607239695743488_n-300x169.jpg, https://punonoticias.pe/wp-content/uploads/2024/10/hiroshima-300x198.jpg",Puno Noticias,2025-09-14 14:47:58,103,16
Bolivia refuerza control militar en Desaguadero para combatir el contrabando de alimentos,,,"Desfile cívico-militar celebra el 98° aniversario de la Provincia de San Román en Juliaca			




			23 octubre, 2024","Desfile cívico-militar celebra el 98° aniversario de la Provincia de San Román en Juliaca			




			23 octubre, 2024",,,,https://punonoticias.pe/bolivia-refuerza-control-militar-en-desaguadero-para-combatir-contrabando/,2025-09-14 14:47:59,"https://punonoticias.pe/wp-content/uploads/2024/10/464411561_1060216609232731_2387538404152953611_n-300x200.jpg, https://punonoticias.pe/wp-content/uploads/2024/10/gareca-01-300x170.jpg",Puno Noticias,2025-09-14 14:47:59,116,17
Portada - Puno Noticias,,,"Puno



				Suspenden atención en diversas áreas del Hospital Carlos Monge Medrano debido a la falta de agua potable			




			8 julio, 2025","Puno



				Suspenden atención en diversas áreas del Hospital Carlos Monge Medrano debido a la falta de agua potable			




			8 julio, 2025",,,,https://punonoticias.pe/page/4/,2025-09-14 14:48:01,"https://punonoticias.pe/wp-content/uploads/2025/07/518182513_1249119103675813_5791256136853123699_n-768x430.jpg, https://punonoticias.pe/wp-content/uploads/2025/07/Hospital-Carlos-Monge-Medrano-Juliaca-768x435.jpg",Puno Noticias,2025-09-14 14:48:01,140,21
Top 5 Jewels To Upgrade Your Photoshoot Look,,,"Campaña de atención integral de salud infantil en San Román			




			5 noviembre, 2024","Campaña de atención integral de salud infantil en San Román			




			5 noviembre, 2024",,,,https://punonoticias.pe/top-5-jewels-to-upgrade-your-photoshoot-look/,2025-09-14 14:48:03,"https://punonoticias.pe/wp-content/uploads/2024/11/465579622_1069381098316282_4449798550427919555_n-300x226.jpg, https://punonoticias.pe/wp-content/uploads/2024/10/462160484_1076275887841150_1879914696322837522_n-300x200.jpg",Puno Noticias,2025-09-14 14:48:03,87,13
Muro de adobe aplasta a madre de familia en Huancané mientras vendía carne,,,"Alcalde de San Román exige renovar licenciamiento de la UANCV con nuevos actores para cautelar bienes municipales			




			28 agosto, 2024","Alcalde de San Román exige renovar licenciamiento de la UANCV con nuevos actores para cautelar bienes municipales			




			28 agosto, 2024",,,,https://punonoticias.pe/muro-aplasta-madre-familia-huancane/,2025-09-14 14:48:05,"https://punonoticias.pe/wp-content/uploads/2024/08/457313944_902966598539324_3958387796226303952_n-300x200.jpg, https://punonoticias.pe/wp-content/uploads/2024/10/cascos-azules-300x171.jpg",Puno Noticias,2025-09-14 14:48:05,139,20
Congreso promulga Nuevo Código Procesal Constitucional con cambios en el Tribunal Constitucional,,,"Alemania sigue como líder en la Liga de las Naciones tras su victoria y empate de Países Bajos			




			11 octubre, 2024","Alemania sigue como líder en la Liga de las Naciones tras su victoria y empate de Países Bajos			




			11 octubre, 2024",,,,https://punonoticias.pe/nuevo-codigo-procesal-constitucional-peru/,2025-09-14 14:48:07,"https://punonoticias.pe/wp-content/uploads/2024/10/alemania-300x201.jpg, https://punonoticias.pe/wp-content/uploads/2025/07/Alianza-Lima-240x300.jpeg",Puno Noticias,2025-09-14 14:48:07,121,21
Antamina lanza nueva convocatoria de trabajo en octubre 2024 con altos sueldos: ¡Postula ahora!,,,"Denuncian presunto caso de feminicidio en Juliaca tras la muerte de Jessica Merma Ventura			




			5 noviembre, 2024","Denuncian presunto caso de feminicidio en Juliaca tras la muerte de Jessica Merma Ventura			




			5 noviembre, 2024",,,,https://punonoticias.pe/convocatoria-trabajo-antamina-octubre-2024/,2025-09-14 14:48:08,"https://punonoticias.pe/wp-content/uploads/2024/11/465750883_1069380541649671_6891369543644089423_n-300x226.jpg, https://punonoticias.pe/wp-content/uploads/2024/06/448068807_971657711421955_3571629625454854637_n-300x169.jpg",Puno Noticias,2025-09-14 14:48:08,117,17
Massimo Sandi se une a los Diablos Rojos de Juliaca para la Copa Perú,,,"Dos muertes maternas en partos domiciliarios en Puno esta semana generan alerta en la región			




			23 octubre, 2024","Dos muertes maternas en partos domiciliarios en Puno esta semana generan alerta en la región			




			23 octubre, 2024",,,,https://punonoticias.pe/massimo-sandi-diablos-rojos-juliaca/,2025-09-14 14:48:10,"https://punonoticias.pe/wp-content/uploads/2024/10/464316832_1060245155896543_5790530970068114772_n-300x168.jpg, https://punonoticias.pe/wp-content/uploads/2024/11/migraciones-300x159.jpg",Puno Noticias,2025-09-14 14:48:10,119,18
Gobernador de Puno solicita estado de emergencia por violencia en La Rinconada y Lunar de Oro,,,"FBC Melgar refuerza su plantilla y proyecta cambios para la temporada 2025			




			5 noviembre, 2024","FBC Melgar refuerza su plantilla y proyecta cambios para la temporada 2025			




			5 noviembre, 2024",,,,https://punonoticias.pe/estado-emergencia-violencia-puno/,2025-09-14 14:48:12,"https://punonoticias.pe/wp-content/uploads/2024/11/297772607_10159406466707832_5586128764356078388_n-300x183.jpg, https://punonoticias.pe/wp-content/uploads/2022/02/fiona-murray-KE95wIwKp4Y-unsplash-300x200.jpg",Puno Noticias,2025-09-14 14:48:12,102,15
Caso Interoceánica Sur: Fiscal José Domingo Pérez estima que sentencia contra Alejandro Toledo se conocerá en dos semanas,,,"Impresionante escenificación de la salida de Manco Cápac y Mama Ocllo en Puno			




			5 noviembre, 2024","Impresionante escenificación de la salida de Manco Cápac y Mama Ocllo en Puno			




			5 noviembre, 2024",,,,https://punonoticias.pe/sentencia-alejandro-toledo-caso-interoceanica/,2025-09-14 14:48:14,"https://punonoticias.pe/wp-content/uploads/2024/11/Escenificacion-Puno-300x161.jpg, https://punonoticias.pe/wp-content/uploads/2024/10/nicolas-maduro-300x200.jpg",Puno Noticias,2025-09-14 14:48:14,105,16
Why a Public Figure Shouldn’t Wear Diamonds,,,"Presidente de la ANFP ratifica a Ricardo Gareca tras derrota de Chile ante Brasil por Eliminatorias			




			11 octubre, 2024","Presidente de la ANFP ratifica a Ricardo Gareca tras derrota de Chile ante Brasil por Eliminatorias			




			11 octubre, 2024",,,,https://punonoticias.pe/1284/,2025-09-14 14:48:15,"https://punonoticias.pe/wp-content/uploads/2024/10/gareca-01-300x170.jpg, https://punonoticias.pe/wp-content/uploads/2024/10/464316832_1060245155896543_5790530970068114772_n-300x168.jpg",Puno Noticias,2025-09-14 14:48:15,126,19
Candidato al Colegio de Ingenieros de Puno promete fiscalizar gestiones anteriores y mejorar la participación técnica en la región,,,"Gobernador de Puno solicita estado de emergencia por violencia en La Rinconada y Lunar de Oro			




			8 julio, 2025","Gobernador de Puno solicita estado de emergencia por violencia en La Rinconada y Lunar de Oro			




			8 julio, 2025",,,,https://punonoticias.pe/candidato-colegio-ingenieros-puno-fiscalizacion/,2025-09-14 14:48:17,"https://punonoticias.pe/wp-content/uploads/2025/07/517238869_1168982385257869_8893286477490996566_n-300x200.jpg, https://punonoticias.pe/wp-content/uploads/2024/08/457324312_833708262247518_3010605463689563895_n-300x200.jpg",Puno Noticias,2025-09-14 14:48:17,117,19
Alianza Lima y Universitario podrían tener partidos en señal abierta la próxima temporada,,,"Declaran tres días no laborables en noviembre 2024 en Perú: conoce cuándo será, qué se celebra y cuánto te pagarán			




			11 octubre, 2024","Declaran tres días no laborables en noviembre 2024 en Perú: conoce cuándo será, qué se celebra y cuánto te pagarán			




			11 octubre, 2024",,,,https://punonoticias.pe/alianza-universitario-partidos-senal-abierta/,2025-09-14 14:48:19,"https://punonoticias.pe/wp-content/uploads/2024/10/feriados-300x169.jpg, https://punonoticias.pe/wp-content/uploads/2025/07/Hospital-Carlos-Monge-Medrano-Juliaca-300x170.jpg",Puno Noticias,2025-09-14 14:48:19,141,23
Why do people depend on their accessories,,,"Goleadores de COPA PERÚ: Uscamayta se destaca en la cima			




			24 octubre, 2024","Goleadores de COPA PERÚ: Uscamayta se destaca en la cima			




			24 octubre, 2024",,,,https://punonoticias.pe/why-do-people-depend-on-their-accessories/,2025-09-14 14:48:21,"https://punonoticias.pe/wp-content/uploads/2024/10/464330478_927407952767196_8520293722278963400_n-300x300.jpg, https://punonoticias.pe/wp-content/uploads/2024/10/toledo-300x189.jpg",Puno Noticias,2025-09-14 14:48:21,83,13
Asociación de Víctimas Solicita Exclusión de PNP y FFAA de la Festividad de la Virgen de la Candelaria 2024 en Puno,,,"Trump lidera con 99 votos electorales frente a 27 de Harris en las elecciones de EE.UU., según proyecciones			




			5 noviembre, 2024","Trump lidera con 99 votos electorales frente a 27 de Harris en las elecciones de EE.UU., según proyecciones			




			5 noviembre, 2024",,,,https://punonoticias.pe/asociacion-victimas-excluye-pnp-ffaa-festividad-candelaria-puno/,2025-09-14 14:48:22,"https://punonoticias.pe/wp-content/uploads/2024/11/464720996_9041186569279273_7987910443585981300_n-300x169.jpg, https://punonoticias.pe/wp-content/uploads/2024/10/464306727_1060208102566915_356696237239834355_n-300x169.jpg",Puno Noticias,2025-09-14 14:48:22,135,21
Alemania sigue como líder en la Liga de las Naciones tras su victoria y empate de Países Bajos,,,"Ministra de Cultura le responde al alcalde de Puno por no invitar a Presidenta Dina Boluarte a La Candelaria			




			26 enero, 2024","Ministra de Cultura le responde al alcalde de Puno por no invitar a Presidenta Dina Boluarte a La Candelaria			




			26 enero, 2024",,,,https://punonoticias.pe/alemania-lider-liga-naciones/,2025-09-14 14:48:24,"https://punonoticias.pe/wp-content/uploads/2024/01/IMG-20240124-WA0108-300x200.jpg, https://punonoticias.pe/wp-content/uploads/2025/05/Terminal-de-Juliaca-300x200.jpg",Puno Noticias,2025-09-14 14:48:24,133,22
Rafael Nadal anuncia su retiro del tenis profesional a los 38 años: “Mil gracias a todos”,,,"Siete delincuentes fuertemente armados asaltan vivienda en el sector de la salida a Arequipa			




			8 julio, 2025","Siete delincuentes fuertemente armados asaltan vivienda en el sector de la salida a Arequipa			




			8 julio, 2025",,,,https://punonoticias.pe/rafael-nadal-retiro-tenis/,2025-09-14 14:48:26,"https://punonoticias.pe/wp-content/uploads/2025/07/517148797_1249118717009185_9062804291100011760_n-300x168.jpg, https://punonoticias.pe/wp-content/uploads/2025/07/Hospital-Carlos-Monge-Medrano-Juliaca-300x170.jpg",Puno Noticias,2025-09-14 14:48:26,116,17
"Declaran tres días no laborables en noviembre 2024 en Perú: conoce cuándo será, qué se celebra y cuánto te pagarán",,,"Habitantes de Hiroshima ven un recordatorio importante en el Nobel de la Paz			




			12 octubre, 2024","Habitantes de Hiroshima ven un recordatorio importante en el Nobel de la Paz			




			12 octubre, 2024",,,,https://punonoticias.pe/tres-dias-no-laborables-noviembre-2024-peru/,2025-09-14 14:48:27,"https://punonoticias.pe/wp-content/uploads/2024/10/hiroshima-300x198.jpg, https://punonoticias.pe/wp-content/uploads/2022/02/luisana-galicia-lR2a23wy3PA-unsplash-300x200.jpg",Puno Noticias,2025-09-14 14:48:27,103,16
"Trump lidera con 99 votos electorales frente a 27 de Harris en las elecciones de EE.UU., según proyecciones",,,"FBC Melgar refuerza su plantilla y proyecta cambios para la temporada 2025			




			5 noviembre, 2024","FBC Melgar refuerza su plantilla y proyecta cambios para la temporada 2025			




			5 noviembre, 2024",,,,https://punonoticias.pe/trump-lidera-99-votos-electorales/,2025-09-14 14:48:29,"https://punonoticias.pe/wp-content/uploads/2024/11/297772607_10159406466707832_5586128764356078388_n-300x183.jpg, https://punonoticias.pe/wp-content/uploads/2024/10/464330478_927407952767196_8520293722278963400_n-300x300.jpg",Puno Noticias,2025-09-14 14:48:29,102,15
Directiva ralentiza ejecución presupuestal en el Gobierno Regional de Puno,,,"Perú vs. Uruguay: Alineaciones confirmadas para el duelo clave de las Eliminatorias 2026			




			11 octubre, 2024","Perú vs. Uruguay: Alineaciones confirmadas para el duelo clave de las Eliminatorias 2026			




			11 octubre, 2024",,,,https://punonoticias.pe/normativa-ralentiza-ejecucion-presupuestal-gore-puno/,2025-09-14 14:48:31,"https://punonoticias.pe/wp-content/uploads/2024/10/462776554_1092042965617694_4406879208179954750_n-300x200.jpg, https://punonoticias.pe/wp-content/uploads/2024/11/465763452_1069383304982728_1119216241365345330_n-300x177.jpg",Puno Noticias,2025-09-14 14:48:31,115,16
Puno - Puno Noticias,,,"Suspenden atención en diversas áreas del Hospital Carlos Monge Medrano debido a la falta de agua potable			




			8 julio, 2025","Suspenden atención en diversas áreas del Hospital Carlos Monge Medrano debido a la falta de agua potable			




			8 julio, 2025",,,,https://punonoticias.pe/puno/,2025-09-14 14:48:33,"https://punonoticias.pe/wp-content/uploads/2025/07/518182513_1249119103675813_5791256136853123699_n.jpg, https://punonoticias.pe/wp-content/uploads/2025/07/Hospital-Carlos-Monge-Medrano-Juliaca-768x435.jpg",Puno Noticias,2025-09-14 14:48:33,128,20
Portada - Puno Noticias,,,"Puno



				Suspenden atención en diversas áreas del Hospital Carlos Monge Medrano debido a la falta de agua potable			




			8 julio, 2025","Puno



				Suspenden atención en diversas áreas del Hospital Carlos Monge Medrano debido a la falta de agua potable			




			8 julio, 2025",,,,https://punonoticias.pe/page/9/,2025-09-14 14:48:35,"https://punonoticias.pe/wp-content/uploads/2025/07/518182513_1249119103675813_5791256136853123699_n-768x430.jpg, https://punonoticias.pe/wp-content/uploads/2025/07/Hospital-Carlos-Monge-Medrano-Juliaca-768x435.jpg",Puno Noticias,2025-09-14 14:48:35,140,21
Nacional - Puno Noticias,,,"Congreso promulga Nuevo Código Procesal Constitucional con cambios en el Tribunal Constitucional			




			5 noviembre, 2024","Congreso promulga Nuevo Código Procesal Constitucional con cambios en el Tribunal Constitucional			




			5 noviembre, 2024",,,,https://punonoticias.pe/nacional/,2025-09-14 14:48:36,"https://punonoticias.pe/wp-content/uploads/2024/11/460137676_991848819648871_6225203245522019468_n-1024x682.jpg, https://punonoticias.pe/wp-content/uploads/2024/11/465768280_18469368790053488_6711065373174417287_n-768x512.jpg",Puno Noticias,2025-09-14 14:48:36,124,15
Perú vs. Chile: El Clásico del Pacífico se jugará en el Estadio Nacional el 15 de noviembre,,,"Masterpiece Collection unveiled in Europe			




			10 marzo, 2022","Masterpiece Collection unveiled in Europe			




			10 marzo, 2022",,,,https://punonoticias.pe/peru-chile-estadio-nacional-15-noviembre/,2025-09-14 14:48:38,"https://punonoticias.pe/wp-content/uploads/2022/02/luisana-galicia-lR2a23wy3PA-unsplash-300x200.jpg, https://punonoticias.pe/wp-content/uploads/2024/10/nicolas-maduro-300x200.jpg",Puno Noticias,2025-09-14 14:48:38,66,8
Impresionante escenificación de la salida de Manco Cápac y Mama Ocllo en Puno,,,"Trump lidera con 99 votos electorales frente a 27 de Harris en las elecciones de EE.UU., según proyecciones			




			5 noviembre, 2024","Trump lidera con 99 votos electorales frente a 27 de Harris en las elecciones de EE.UU., según proyecciones			




			5 noviembre, 2024",,,,https://punonoticias.pe/escenificacion-salida-manco-capac-mama-ocllo-puno/,2025-09-14 14:48:40,"https://punonoticias.pe/wp-content/uploads/2024/11/464720996_9041186569279273_7987910443585981300_n-300x169.jpg, https://punonoticias.pe/wp-content/uploads/2024/10/464330478_927407952767196_8520293722278963400_n-300x300.jpg",Puno Noticias,2025-09-14 14:48:40,135,21
Produce impulsa el desarrollo de microempresarios con talleres virtuales y presenciales,,,"Caso Interoceánica Sur: Fiscal José Domingo Pérez estima que sentencia contra Alejandro Toledo se conocerá en dos semanas			




			11 octubre, 2024","Caso Interoceánica Sur: Fiscal José Domingo Pérez estima que sentencia contra Alejandro Toledo se conocerá en dos semanas			




			11 octubre, 2024",,,,https://punonoticias.pe/puno-produce-talleres-microempresarios/,2025-09-14 14:48:42,"https://punonoticias.pe/wp-content/uploads/2024/10/toledo-300x189.jpg, https://punonoticias.pe/wp-content/uploads/2024/01/421588385_887836203137440_4813217886945642767_n-300x165.jpg",Puno Noticias,2025-09-14 14:48:42,148,21
Campaña de atención integral de salud infantil en San Román,,,"Madre de familia pide ayuda urgente para enfrentar extraña enfermedad			




			23 octubre, 2024","Madre de familia pide ayuda urgente para enfrentar extraña enfermedad			




			23 octubre, 2024",,,,https://punonoticias.pe/campana-salud-infantil-san-roman-noviembre-2024/,2025-09-14 14:48:43,"https://punonoticias.pe/wp-content/uploads/2024/10/464328238_1060217585899300_864334323803023676_n-300x226.jpg, https://punonoticias.pe/wp-content/uploads/2024/10/464338649_1060235352564190_7644131176354280642_n-300x300.jpg",Puno Noticias,2025-09-14 14:48:43,96,13
Juliaca: Delincuentes roban vehículo en la Subida de Apacheta,,,"Denuncian presunto caso de feminicidio en Juliaca tras la muerte de Jessica Merma Ventura			




			5 noviembre, 2024","Denuncian presunto caso de feminicidio en Juliaca tras la muerte de Jessica Merma Ventura			




			5 noviembre, 2024",,,,https://punonoticias.pe/delincuentes-roban-vehiculo-juliaca/,2025-09-14 14:48:45,"https://punonoticias.pe/wp-content/uploads/2024/11/465750883_1069380541649671_6891369543644089423_n-300x226.jpg, https://punonoticias.pe/wp-content/uploads/2024/11/Encuentran-camioneta-que-fue-reportada-como-robada-en-Puno-300x171.jpg",Puno Noticias,2025-09-14 14:48:45,117,17
Ministro del Interior se pronuncia sobre paro nacional de transportistas y advierte contra actos violentos,,,"Tribunal Supremo de Venezuela Inhabilita Candidatura de Opositora a Maduro			




			26 enero, 2024","Tribunal Supremo de Venezuela Inhabilita Candidatura de Opositora a Maduro			




			26 enero, 2024",,,,https://punonoticias.pe/ministro-interior-paro-nacional/,2025-09-14 14:48:47,"https://punonoticias.pe/wp-content/uploads/2024/01/corina-machado-300x166.jpg, https://punonoticias.pe/wp-content/uploads/2024/10/evo-300x201.jpg",Puno Noticias,2025-09-14 14:48:47,99,13
Serenazgo de San Román retira a extranjeros que pernoctaban en área verde de Juliaca,,,"Minsa Supervisa Establecimientos de Salud en Yunguyo para Mejorar Atención Médica			




			31 enero, 2024","Minsa Supervisa Establecimientos de Salud en Yunguyo para Mejorar Atención Médica			




			31 enero, 2024",,,,https://punonoticias.pe/serenazgo-retira-extranjeros-area-verde-juliaca/,2025-09-14 14:48:48,"https://punonoticias.pe/wp-content/uploads/2024/01/Puno-Minsa-supervisa-operatividad-de-diferentes-establecimientos-de-salud-en-Yunguyo-2-300x169.jpeg, https://punonoticias.pe/wp-content/uploads/2025/07/517161297_1248692970385093_4225458767107482948_n-300x169.jpg",Puno Noticias,2025-09-14 14:48:48,106,14
Tribunal Supremo de Venezuela Inhabilita Candidatura de Opositora a Maduro,,,"Antamina lanza nueva convocatoria de trabajo en octubre 2024 con altos sueldos: ¡Postula ahora!			




			11 octubre, 2024","Antamina lanza nueva convocatoria de trabajo en octubre 2024 con altos sueldos: ¡Postula ahora!			




			11 octubre, 2024",,,,https://punonoticias.pe/tribunal-supremo-venezuela-inhabilita-maria-corina-machado/,2025-09-14 14:48:50,"https://punonoticias.pe/wp-content/uploads/2024/10/Antamina-300x133.jpg, https://punonoticias.pe/wp-content/uploads/2024/10/464330478_927407952767196_8520293722278963400_n-300x300.jpg",Puno Noticias,2025-09-14 14:48:50,122,17
Irán prohíbe bíperes y walkie-talkies en vuelos tras las explosiones en Líbano,,,"Minsa Supervisa Establecimientos de Salud en Yunguyo para Mejorar Atención Médica			




			31 enero, 2024","Minsa Supervisa Establecimientos de Salud en Yunguyo para Mejorar Atención Médica			




			31 enero, 2024",,,,https://punonoticias.pe/iran-prohibe-biperes-y-walkie-talkies/,2025-09-14 14:48:52,"https://punonoticias.pe/wp-content/uploads/2024/01/Puno-Minsa-supervisa-operatividad-de-diferentes-establecimientos-de-salud-en-Yunguyo-2-300x169.jpeg, https://punonoticias.pe/wp-content/uploads/2025/05/Terminal-de-Juliaca-300x200.jpg",Puno Noticias,2025-09-14 14:48:52,106,14
Hallan cuerpo sin vida de un joven en la Laguna Confinada de Puno,,,"Estudiantes del Colegio Fe y Ciencia Protestan por Instalación de Reductores de Velocidad			




			13 junio, 2024","Estudiantes del Colegio Fe y Ciencia Protestan por Instalación de Reductores de Velocidad			




			13 junio, 2024",,,,https://punonoticias.pe/hallan-cuerpo-sin-vida-en-laguna-confinada-de-puno/,2025-09-14 14:48:54,"https://punonoticias.pe/wp-content/uploads/2024/06/448068807_971657711421955_3571629625454854637_n-300x169.jpg, https://punonoticias.pe/wp-content/uploads/2024/08/457324312_833708262247518_3010605463689563895_n-300x200.jpg",Puno Noticias,2025-09-14 14:48:54,114,16
Cambio sorprendente: Coronel Harvey Colchado asume la custodia de un puente en medio de crisis,,,"Directiva ralentiza ejecución presupuestal en el Gobierno Regional de Puno			




			5 noviembre, 2024","Directiva ralentiza ejecución presupuestal en el Gobierno Regional de Puno			




			5 noviembre, 2024",,,,https://punonoticias.pe/cambio-asignacion-coronel-harvey-colchado/,2025-09-14 14:48:56,"https://punonoticias.pe/wp-content/uploads/2024/11/465763452_1069383304982728_1119216241365345330_n-300x177.jpg, https://punonoticias.pe/wp-content/uploads/2025/05/Muro-de-adobe-en-Huancane-300x225.jpg",Puno Noticias,2025-09-14 14:48:56,102,13
Personal del Centro de Salud Cono Sur en Juliaca rechaza cambio de director,,,"Inicio del Juicio Oral del Caso Cócteles: Keiko Fujimori Enfrenta Acusaciones			




			26 enero, 2024","Inicio del Juicio Oral del Caso Cócteles: Keiko Fujimori Enfrenta Acusaciones			




			26 enero, 2024",,,,https://punonoticias.pe/trabajadores-centro-salud-cono-sur-juliaca-rechazan-cambio-director/,2025-09-14 14:48:57,"https://punonoticias.pe/wp-content/uploads/2024/01/keiko-fujimori-300x194.jpg, https://punonoticias.pe/wp-content/uploads/2024/10/464330478_927407952767196_8520293722278963400_n-300x300.jpg",Puno Noticias,2025-09-14 14:48:57,102,14
S/ 759 millones costará el Hospital Carlos Monge Medrano de Juliaca,,,"Perú vs. Chile: El Clásico del Pacífico se jugará en el Estadio Nacional el 15 de noviembre			




			5 noviembre, 2024","Perú vs. Chile: El Clásico del Pacífico se jugará en el Estadio Nacional el 15 de noviembre			




			5 noviembre, 2024",,,,https://punonoticias.pe/hospital-carlos-monge-medrano-juliaca/,2025-09-14 14:48:59,"https://punonoticias.pe/wp-content/uploads/2024/11/462743655_1092953788859945_119915264087360954_n-300x200.jpg, https://punonoticias.pe/wp-content/uploads/2022/02/sabrianna-IK5P866QaLY-unsplash-300x200.jpg",Puno Noticias,2025-09-14 14:48:59,119,20
Lo Último - Puno Noticias,,,"Suspenden atención en diversas áreas del Hospital Carlos Monge Medrano debido a la falta de agua potable			



			8 julio, 2025		


			Leer más","Suspenden atención en diversas áreas del Hospital Carlos Monge Medrano debido a la falta de agua potable			



			8 julio, 2025		


			Leer más",,,,https://punonoticias.pe/lo-ultimo/,2025-09-14 14:49:01,"https://punonoticias.pe/wp-content/uploads/2025/07/518182513_1249119103675813_5791256136853123699_n-300x168.jpg, https://punonoticias.pe/wp-content/uploads/2025/07/Alianza-Lima-240x300.jpeg",Puno Noticias,2025-09-14 14:49:01,143,22
Internacional - Puno Noticias,,,"Trump lidera con 99 votos electorales frente a 27 de Harris en las elecciones de EE.UU., según proyecciones			




			5 noviembre, 2024","Trump lidera con 99 votos electorales frente a 27 de Harris en las elecciones de EE.UU., según proyecciones			




			5 noviembre, 2024",,,,https://punonoticias.pe/internacional/,2025-09-14 14:49:03,"https://punonoticias.pe/wp-content/uploads/2024/11/464720996_9041186569279273_7987910443585981300_n.jpg, https://punonoticias.pe/wp-content/uploads/2024/10/evo.jpg",Puno Noticias,2025-09-14 14:49:03,135,21
Inicio del Juicio Oral del Caso Cócteles: Keiko Fujimori Enfrenta Acusaciones,,,"Municipio de San Román clausura cantinas ilegales y licorería cerca del hospital Carlos Monge Medrano			




			28 agosto, 2024","Municipio de San Román clausura cantinas ilegales y licorería cerca del hospital Carlos Monge Medrano			




			28 agosto, 2024",,,,https://punonoticias.pe/inicio-juicio-oral-caso-cocteles-keiko-fujimori/,2025-09-14 14:49:04,"https://punonoticias.pe/wp-content/uploads/2024/08/457100594_903016271867690_6033807876687042105_n-300x200.jpg, https://punonoticias.pe/wp-content/uploads/2024/06/448068807_971657711421955_3571629625454854637_n-300x169.jpg",Puno Noticias,2025-09-14 14:49:04,127,18
Operativo inopinado en la frontera Perú – Bolivia para prevenir la caza furtiva de vicuñas,,,"Dos muertes maternas en partos domiciliarios en Puno esta semana generan alerta en la región			




			23 octubre, 2024","Dos muertes maternas en partos domiciliarios en Puno esta semana generan alerta en la región			




			23 octubre, 2024",,,,https://punonoticias.pe/operativo-prevencion-caza-furtiva-vicunas-peru-bolivia/,2025-09-14 14:49:06,"https://punonoticias.pe/wp-content/uploads/2024/10/464316832_1060245155896543_5790530970068114772_n-300x168.jpg, https://punonoticias.pe/wp-content/uploads/2024/01/Puno-Minsa-supervisa-operatividad-de-diferentes-establecimientos-de-salud-en-Yunguyo-2-300x169.jpeg",Puno Noticias,2025-09-14 14:49:06,119,18
Ministra de Cultura le responde al alcalde de Puno por no invitar a Presidenta Dina Boluarte a La Candelaria,,,"Inicio del Juicio Oral del Caso Cócteles: Keiko Fujimori Enfrenta Acusaciones			




			26 enero, 2024","Inicio del Juicio Oral del Caso Cócteles: Keiko Fujimori Enfrenta Acusaciones			




			26 enero, 2024",,,,https://punonoticias.pe/ministra-cultura-responde-alcalde-puno-no-invitacion-presidenta-dina-boluarte-candelaria/,2025-09-14 14:49:08,"https://punonoticias.pe/wp-content/uploads/2024/01/keiko-fujimori-300x194.jpg, https://punonoticias.pe/wp-content/uploads/2024/10/464328238_1060217585899300_864334323803023676_n-300x226.jpg",Puno Noticias,2025-09-14 14:49:08,102,14
Desfile cívico-militar celebra el 98° aniversario de la Provincia de San Román en Juliaca,,,"Gobernador de Puno solicita estado de emergencia por violencia en La Rinconada y Lunar de Oro			




			8 julio, 2025","Gobernador de Puno solicita estado de emergencia por violencia en La Rinconada y Lunar de Oro			




			8 julio, 2025",,,,https://punonoticias.pe/desfile-civico-militar-98-aniversario-san-roman/,2025-09-14 14:49:10,"https://punonoticias.pe/wp-content/uploads/2025/07/517238869_1168982385257869_8893286477490996566_n-300x200.jpg, https://punonoticias.pe/wp-content/uploads/2024/08/457313944_902966598539324_3958387796226303952_n-300x200.jpg",Puno Noticias,2025-09-14 14:49:10,117,19
Juliaca: Una ciudad que crece sin planificación y sin rumbo,,,"Trump lidera con 99 votos electorales frente a 27 de Harris en las elecciones de EE.UU., según proyecciones			




			5 noviembre, 2024","Trump lidera con 99 votos electorales frente a 27 de Harris en las elecciones de EE.UU., según proyecciones			




			5 noviembre, 2024",,,,https://punonoticias.pe/juliaca-ciudad-crece-sin-planificacion/,2025-09-14 14:49:12,"https://punonoticias.pe/wp-content/uploads/2024/11/464720996_9041186569279273_7987910443585981300_n-300x169.jpg, https://punonoticias.pe/wp-content/uploads/2022/02/luisana-galicia-lR2a23wy3PA-unsplash-300x200.jpg",Puno Noticias,2025-09-14 14:49:12,135,21
Portada - Puno Noticias,,,"Puno



				Suspenden atención en diversas áreas del Hospital Carlos Monge Medrano debido a la falta de agua potable			




			8 julio, 2025","Puno



				Suspenden atención en diversas áreas del Hospital Carlos Monge Medrano debido a la falta de agua potable			




			8 julio, 2025",,,,https://punonoticias.pe/page/5/,2025-09-14 14:49:13,"https://punonoticias.pe/wp-content/uploads/2025/07/518182513_1249119103675813_5791256136853123699_n-768x430.jpg, https://punonoticias.pe/wp-content/uploads/2025/07/Hospital-Carlos-Monge-Medrano-Juliaca-768x435.jpg",Puno Noticias,2025-09-14 14:49:13,140,21
Internos del penal de Juliaca elaboran más de 60 mil coronas para la feria “Cárceles Productivas”,,,"Cambio sorprendente: Coronel Harvey Colchado asume la custodia de un puente en medio de crisis			




			11 octubre, 2024","Cambio sorprendente: Coronel Harvey Colchado asume la custodia de un puente en medio de crisis			




			11 octubre, 2024",,,,https://punonoticias.pe/feria-carceles-productivas-juliaca-venta-cirona/,2025-09-14 14:49:15,"https://punonoticias.pe/wp-content/uploads/2024/10/colchado-300x170.jpg, https://punonoticias.pe/wp-content/uploads/2024/08/457324312_833708262247518_3010605463689563895_n-300x200.jpg",Puno Noticias,2025-09-14 14:49:15,121,18
Cascos azules permanecerán en la frontera entre Líbano e Israel pese a los ataques,,,"Muro de adobe aplasta a madre de familia en Huancané mientras vendía carne			




			12 mayo, 2025","Muro de adobe aplasta a madre de familia en Huancané mientras vendía carne			




			12 mayo, 2025",,,,https://punonoticias.pe/cascos-azules-permanecen-frontera-libano-israel/,2025-09-14 14:49:17,"https://punonoticias.pe/wp-content/uploads/2025/05/Muro-de-adobe-en-Huancane-300x225.jpg, https://punonoticias.pe/wp-content/uploads/2024/01/corina-machado-300x166.jpg",Puno Noticias,2025-09-14 14:49:17,98,16
Portada - Puno Noticias,,,"Puno



				Suspenden atención en diversas áreas del Hospital Carlos Monge Medrano debido a la falta de agua potable			




			8 julio, 2025","Puno



				Suspenden atención en diversas áreas del Hospital Carlos Monge Medrano debido a la falta de agua potable			




			8 julio, 2025",,,,https://punonoticias.pe/page/8/,2025-09-14 14:49:19,"https://punonoticias.pe/wp-content/uploads/2025/07/518182513_1249119103675813_5791256136853123699_n-768x430.jpg, https://punonoticias.pe/wp-content/uploads/2025/07/Hospital-Carlos-Monge-Medrano-Juliaca-768x435.jpg",Puno Noticias,2025-09-14 14:49:19,140,21
Deportes - Puno Noticias,,,"Alianza Lima anuncia la salida de Gonzalo Aguirre a días del final del Torneo Apertura 2025			




			8 julio, 2025","Alianza Lima anuncia la salida de Gonzalo Aguirre a días del final del Torneo Apertura 2025			




			8 julio, 2025",,,,https://punonoticias.pe/deportes/,2025-09-14 14:49:21,"https://punonoticias.pe/wp-content/uploads/2025/07/Alianza-Lima.jpeg, https://punonoticias.pe/wp-content/uploads/2024/11/462743655_1092953788859945_119915264087360954_n-768x512.jpg",Puno Noticias,2025-09-14 14:49:21,115,19
Intervienen a pasajero con 6 kilos de cocaína en Cabanillas,,,"Masterpiece Collection unveiled in Europe			




			10 marzo, 2022","Masterpiece Collection unveiled in Europe			




			10 marzo, 2022",,,,https://punonoticias.pe/intervienen-pasajero-cocaina-cabanillas/,2025-09-14 14:49:23,"https://punonoticias.pe/wp-content/uploads/2022/02/luisana-galicia-lR2a23wy3PA-unsplash-300x200.jpg, https://punonoticias.pe/wp-content/uploads/2024/01/421588385_887836203137440_4813217886945642767_n-300x165.jpg",Puno Noticias,2025-09-14 14:49:23,66,8
Presidente de la ANFP ratifica a Ricardo Gareca tras derrota de Chile ante Brasil por Eliminatorias,,,"Juliaca: Una ciudad que crece sin planificación y sin rumbo			




			23 octubre, 2024","Juliaca: Una ciudad que crece sin planificación y sin rumbo			




			23 octubre, 2024",,,,https://punonoticias.pe/presidente-anfp-ratifica-ricardo-gareca-chile/,2025-09-14 14:49:24,"https://punonoticias.pe/wp-content/uploads/2024/10/464338649_1060235352564190_7644131176354280642_n-300x300.jpg, https://punonoticias.pe/wp-content/uploads/2024/11/460137676_991848819648871_6225203245522019468_n-300x200.jpg",Puno Noticias,2025-09-14 14:49:24,86,13
Alianza Lima anuncia la salida de Gonzalo Aguirre a días del final del Torneo Apertura 2025,,,"Roban moto lineal frente a Caja Huancayo en barrio San José de Juliaca			




			7 julio, 2025","Roban moto lineal frente a Caja Huancayo en barrio San José de Juliaca			




			7 julio, 2025",,,,https://punonoticias.pe/salida-gonzalo-aguirre-alianza-lima/,2025-09-14 14:49:26,"https://punonoticias.pe/wp-content/uploads/2025/07/moto-300x174.jpg, https://punonoticias.pe/wp-content/uploads/2024/10/464316283_1060239312563794_3433106945760049794_n-300x225.jpg",Puno Noticias,2025-09-14 14:49:26,94,16
How to choose jewelry to match your hairstyle,,,"Muro de adobe aplasta a madre de familia en Huancané mientras vendía carne			




			12 mayo, 2025","Muro de adobe aplasta a madre de familia en Huancané mientras vendía carne			




			12 mayo, 2025",,,,https://punonoticias.pe/how-to-choose-jewelry-to-match-your-hairstyle/,2025-09-14 14:49:28,"https://punonoticias.pe/wp-content/uploads/2025/05/Muro-de-adobe-en-Huancane-300x225.jpg, https://punonoticias.pe/wp-content/uploads/2024/01/keiko-fujimori-300x194.jpg",Puno Noticias,2025-09-14 14:49:28,98,16
